Div,Date,HomeTeam,AwayTeam,FTHG,FTAG,FTR,HTHG,HTAG,HTR,B365H,B365D,B365A,BWH,BWD,BWA,IWH,IWD,IWA,LBH,LBD,LBA,PSH,PSD,PSA,WHH,WHD,WHA,VCH,VCD,VCA,Bb1X2,BbMxH,BbAvH,BbMxD,BbAvD,BbMxA,BbAvA,BbOU,BbMx>2.5,BbAv>2.5,BbMx<2.5,BbAv<2.5,BbAH,BbAHh,BbMxAHH,BbAvAHH,BbMxAHA,BbAvAHA,PSCH,PSCD,PSCA
I2,26/08/16,Spezia,Salernitana,1,1,D,0,1,A,1.73,3.5,5,1.75,3.25,5,1.8,3,4.4,1.75,3.3,5.25,1.8,3.42,5.63,1.75,3.1,5,1.73,3.3,6,53,1.8,1.73,3.56,3.27,6,5.16,37,2.5,2.34,1.61,1.55,26,-0.75,2.07,1.98,1.9,1.84,1.75,3.49,6.01
I2,27/08/16,Avellino,Brescia,1,1,D,0,0,D,2.1,3.25,3.6,2.1,3.1,3.5,2.1,3,3.3,2.05,3.1,3.8,2.1,3.29,4.07,2.05,3,3.6,2.1,3.13,4,51,2.15,2.07,3.29,3.14,4.07,3.63,36,2.25,2.13,1.7,1.65,24,-0.25,1.81,1.77,2.15,2.07,1.98,3.54,4.21
I2,27/08/16,Bari,Cittadella,1,2,A,0,0,D,1.85,3.3,4.5,1.72,3.4,5,1.85,3.1,4,1.83,3.2,5,1.85,3.3,5.52,1.85,3.1,4.33,1.83,3.3,5,51,1.89,1.82,3.45,3.27,5.52,4.53,36,2.3,2.17,1.68,1.63,23,-0.5,1.87,1.82,2.08,1.99,1.75,3.54,5.9
I2,27/08/16,Benevento,Spal,2,0,H,1,0,H,2,3.3,3.8,2.05,3,3.8,2,3,3.6,2,3,4.2,2.09,3.12,4.42,2,2.9,4,2.05,3,4.33,49,2.1,2.03,3.3,3.05,4.42,3.87,34,2.5,2.37,1.57,1.53,22,-0.5,2.1,2.02,1.87,1.81,2.07,3.17,4.38
I2,27/08/16,Frosinone,Virtus Entella,2,0,H,1,0,H,2.05,3.2,3.8,1.91,3.25,4,2,3,3.6,2.05,3,4,2.11,3.11,4.34,2.05,3,3.6,2.1,3.13,4,51,2.13,2.04,3.25,3.1,4.4,3.78,35,2.3,2.18,1.68,1.63,23,-0.5,2.14,2.05,1.82,1.76,2.09,3.2,4.27
I2,27/08/16,Pro Vercelli,Ascoli,1,1,D,0,1,A,2.2,3,3.6,2.2,3,3.4,2.2,2.8,3.3,2.3,2.9,3.5,2.34,2.99,3.72,2.3,3,3.1,2.3,3,3.5,51,2.34,2.25,3.2,2.98,3.72,3.36,36,2.41,2.27,1.62,1.58,24,-0.25,1.97,1.92,1.97,1.9,2.2,3.19,3.9
I2,27/08/16,Verona,Latina,4,1,H,3,1,H,1.65,3.4,6,1.7,3.4,5,1.7,3.2,4.7,1.67,3.6,5.25,1.68,3.47,7.05,1.73,3.25,4.8,1.65,3.5,6.25,51,1.73,1.65,3.6,3.4,7.05,5.64,38,2.25,2.11,1.74,1.68,25,-1,2.35,2.2,1.73,1.66,1.54,4.07,7.73
I2,27/08/16,Vicenza,Carpi,0,2,A,0,0,D,3.2,3,2.38,3,3,2.4,3.1,3,2.2,3.2,2.9,2.4,3.44,2.95,2.53,3,2.9,2.4,3.3,3,2.45,51,3.44,3.12,3.1,2.97,2.53,2.38,36,2.53,2.36,1.6,1.54,24,0.25,1.83,1.79,2.1,2.04,3.37,3.03,2.5
I2,28/08/16,Novara,Trapani,2,2,D,1,1,D,2.2,3.2,3.4,2.15,3.1,3.4,2.1,3,3.3,2.15,3,3.75,2.2,3.09,3.88,2.2,3,3.3,2.15,3.1,3.8,51,2.2,2.14,3.2,3.08,3.88,3.51,37,2.3,2.17,1.68,1.63,24,-0.25,1.9,1.83,2.08,1.99,1.92,3.35,4.88
I2,29/08/16,Cesena,Perugia,1,1,D,0,0,D,2.1,3.1,3.75,2.1,3.1,3.6,2.1,3,3.3,2.1,2.9,4,2.18,3.01,4.25,2.05,2.9,3.75,2.1,3,4.1,42,2.18,2.09,3.2,3.04,4.25,3.67,27,2.42,2.29,1.61,1.57,17,-0.25,1.84,1.78,2.14,2.04,2.22,3.18,3.83
I2,03/09/16,Brescia,Frosinone,2,0,H,1,0,H,3.25,3,2.38,3.1,3.1,2.4,2.8,2.9,2.5,3,3.2,2.4,3.25,3.23,2.44,2.8,3.1,2.5,3.2,3.13,2.4,55,3.25,3.04,3.23,3.1,2.5,2.35,44,2.15,2.04,1.81,1.73,28,0.25,1.85,1.8,2.09,2.01,3.14,3.2,2.53
I2,03/09/16,Perugia,Bari,0,1,A,0,0,D,2.25,3,3.5,2.35,3,3.3,2.3,2.8,3.1,2.3,3,3.4,2.34,3.13,3.59,2.25,3,3.3,2.3,3,3.5,53,2.35,2.27,3.13,3.02,3.59,3.26,38,2.53,2.38,1.57,1.53,26,-0.25,2.01,1.95,1.96,1.87,2.1,3.18,4.26
I2,04/09/16,Carpi,Benevento,1,1,D,0,0,D,1.62,3.4,6.5,1.65,3.5,6,1.65,3.3,4.9,1.65,3.4,6,1.66,3.63,6.86,1.7,3.4,5,1.65,3.4,6.25,54,1.7,1.65,3.63,3.4,6.86,5.65,39,2.48,2.34,1.6,1.55,27,-0.75,1.94,1.87,2.02,1.93,1.68,3.67,6.31
I2,04/09/16,Cittadella,Ternana,2,0,H,1,0,H,2.05,3.1,4,2.15,3.1,3.7,2.1,2.9,3.4,2.1,3,3.8,2.19,3.14,4.02,2.1,3.1,3.6,2.1,3.1,3.9,54,2.19,2.1,3.17,3.07,4.02,3.61,38,2.5,2.28,1.63,1.57,27,-0.25,1.85,1.8,2.09,2.01,2.07,3.23,4.31
I2,04/09/16,Latina,Spezia,0,0,D,0,0,D,3.25,3,2.38,3.1,3,2.45,3.1,2.8,2.3,3.2,3,2.38,3.36,3.17,2.43,3,3,2.4,3.3,3,2.4,55,3.36,3.1,3.17,3.02,2.45,2.36,40,2.42,2.28,1.61,1.57,28,0.25,1.86,1.8,2.09,2.01,3.19,3.02,2.63
I2,04/09/16,Pisa,Novara,1,0,H,1,0,H,4.2,3.1,2,3.9,3.2,2.05,3.7,2.9,2,3.8,3.1,2.05,4.16,3.26,2.09,4,3,2,4.2,3,2.1,54,4.2,3.86,3.26,3.1,2.11,2.01,39,2.53,2.38,1.57,1.53,26,0.25,2.16,2.09,1.79,1.73,3.16,3.15,2.56
I2,04/09/16,Salernitana,Verona,1,1,D,0,1,A,3.6,3,2.2,3.3,3.1,2.2,3.1,2.8,2.3,3.3,3.1,2.2,3.59,3.21,2.3,3.1,3.1,2.3,3.5,3.13,2.25,55,3.6,3.31,3.21,3.08,2.3,2.22,45,2.25,2.12,1.74,1.67,28,0.25,1.99,1.91,1.97,1.9,3.41,3.25,2.36
I2,04/09/16,Spal,Vicenza,3,0,H,2,0,H,2.15,3,3.8,2.25,3.1,3.4,2.1,2.9,3.4,2.2,3,3.6,2.24,3.16,3.79,2.38,3,3.1,2.3,3.1,3.1,52,2.38,2.2,3.16,3.03,3.8,3.41,37,2.53,2.42,1.56,1.51,25,-0.25,1.93,1.88,2.01,1.94,1.84,3.51,5.08
I2,04/09/16,Trapani,Pro Vercelli,1,1,D,0,1,A,1.83,3.25,4.75,1.9,3.4,4.25,1.9,3,4,1.85,3.3,4.33,1.93,3.48,4.58,1.95,3.25,3.8,1.9,3.3,4.6,53,1.95,1.88,3.48,3.3,4.75,4.14,40,2.21,2.09,1.75,1.68,25,-0.5,1.95,1.88,2.02,1.93,1.88,3.47,4.89
I2,04/09/16,Virtus Entella,Avellino,2,0,H,1,0,H,2.1,3.1,3.8,2.15,3.2,3.6,2.1,2.9,3.4,2.15,3.1,3.6,2.22,3.24,3.76,2.2,3.1,3.3,2.2,3.1,3.7,53,2.23,2.15,3.25,3.09,3.8,3.46,38,2.3,2.19,1.68,1.62,26,-0.25,1.91,1.84,2.05,1.98,2.34,3.21,3.48
I2,07/09/16,Ternana,Pisa,1,0,H,1,0,H,2,3.3,3.8,2,3.2,3.75,1.9,3,4,2.05,3.1,3.8,2.13,3.27,3.99,2,3,4,2.15,3,4,49,2.15,2.03,3.3,3.14,4,3.73,35,2.41,2.31,1.61,1.56,23,-0.5,2.13,2.04,1.84,1.78,2.75,2.91,3.14
I2,09/09/16,Cesena,Carpi,1,0,H,0,0,D,2.88,3,2.6,2.75,3,2.8,2.6,2.8,2.8,2.9,2.9,2.62,3.08,3,2.72,2.7,2.8,2.75,3,2.9,2.7,56,3.08,2.84,3.05,2.92,2.8,2.63,39,2.5,2.35,1.62,1.55,29,0,2.08,1.99,1.86,1.82,3.18,2.97,2.67
I2,10/09/16,Ascoli,Spal,1,1,D,0,1,A,2.4,3,3.2,2.35,3.1,3.3,2.4,2.8,3,2.5,2.9,3.1,2.62,3.05,3.18,2.4,3,3,2.5,3,3.2,54,2.62,2.44,3.1,2.98,3.3,3.02,38,2.5,2.36,1.6,1.55,27,-0.25,2.19,2.08,1.8,1.76,3.78,3.11,2.28
I2,10/09/16,Avellino,Trapani,0,0,D,0,0,D,2.38,3.1,3.1,2.35,3.2,3.2,2.2,2.8,3.3,2.25,3.1,3.3,2.32,3.28,3.46,2.3,3.1,3.1,2.3,3.13,3.4,55,2.38,2.27,3.28,3.12,3.46,3.17,43,2.17,2.07,1.83,1.71,28,-0.25,2.01,1.95,1.94,1.86,2.37,3.26,3.37
I2,10/09/16,Benevento,Verona,2,0,H,1,0,H,3.25,3.1,2.3,3.5,3.1,2.25,3.3,2.8,2.2,3.4,3.1,2.25,3.63,3.19,2.29,3.3,3.1,2.2,3.5,3.1,2.25,55,3.63,3.33,3.19,3.07,2.3,2.22,38,2.32,2.2,1.67,1.62,28,0.25,1.97,1.9,1.98,1.92,2.87,3.16,2.77
I2,10/09/16,Brescia,Perugia,1,1,D,0,0,D,2.6,3.1,2.8,2.55,3.1,3,2.6,2.8,2.8,2.62,3,2.8,2.71,3.1,3,2.62,3,2.7,2.7,3,2.88,55,2.71,2.57,3.15,3.01,3,2.8,42,2.25,2.13,1.75,1.66,28,0,1.91,1.83,2.03,1.98,2.92,3.09,2.79
I2,10/09/16,Frosinone,Latina,2,1,H,0,0,D,1.73,3.75,4.6,1.75,3.5,5.25,1.75,3.1,4.5,1.75,3.4,5.25,1.76,3.55,5.72,1.75,3.4,4.6,1.75,3.4,5.5,55,1.8,1.74,3.75,3.39,5.72,4.84,42,2.25,2.18,1.72,1.64,28,-0.75,2.06,1.99,1.92,1.82,2.03,3.25,4.43
I2,10/09/16,Novara,Salernitana,1,0,H,1,0,H,1.91,3.4,4,1.95,3.25,4.33,1.9,3,4,1.91,3.25,4.2,1.96,3.37,4.56,1.91,3.25,4,1.91,3.3,4.5,55,1.96,1.91,3.5,3.25,4.56,4.07,43,2.23,2.12,1.75,1.68,27,-0.5,1.97,1.91,1.98,1.9,1.79,3.61,5.25
I2,10/09/16,Pro Vercelli,Cittadella,1,5,A,0,2,A,2.4,3,3.2,2.45,3.1,3.1,2.3,2.8,3.1,2.5,2.9,3,2.62,3.04,3.18,2.4,3,3,2.6,2.9,3.1,55,2.62,2.45,3.1,2.97,3.2,2.99,39,2.46,2.35,1.59,1.55,27,-0.25,2.19,2.1,1.78,1.73,2.88,3.07,2.84
I2,10/09/16,Vicenza,Bari,0,0,D,0,0,D,3.2,3,2.4,3.1,3,2.55,3,2.8,2.4,3,3,2.5,3.24,3,2.6,3,3,2.4,3.3,2.9,2.5,55,3.3,3.02,3.05,2.95,2.6,2.45,38,2.54,2.41,1.56,1.52,28,0.25,1.81,1.75,2.18,2.09,2.67,3.06,3.09
I2,11/09/16,Ternana,Spezia,1,1,D,0,0,D,3.2,3,2.38,3.2,3.1,2.4,3,2.8,2.4,3.1,3,2.4,3.44,3.02,2.48,3,3,2.4,3.4,2.9,2.45,55,3.44,3.13,3.1,2.96,2.48,2.38,38,2.54,2.42,1.56,1.52,28,0.25,1.85,1.78,2.11,2.03,3.74,3.17,2.26
I2,12/09/16,Virtus Entella,Pisa,0,0,D,0,0,D,1.95,3.2,4.2,1.91,3.3,4.4,1.85,3,4.2,1.91,3.1,4.5,1.96,3.25,4.81,2,3.2,3.8,1.93,3.2,4.6,54,2,1.92,3.4,3.16,4.81,4.15,37,2.36,2.26,1.64,1.58,27,-0.5,1.99,1.92,1.96,1.88,2.06,3.11,4.59
I2,16/09/16,Bari,Cesena,2,1,H,1,0,H,2.3,3,3.4,2.2,3.1,3.3,2.2,2.8,3.3,2.25,2.9,3.5,2.32,3.06,3.74,2.25,2.9,3.4,2.25,3,3.7,57,2.32,2.23,3.1,2.97,3.74,3.42,40,2.55,2.41,1.57,1.52,29,-0.25,1.96,1.91,1.97,1.91,2.28,3.05,3.86
I2,16/09/16,Carpi,Frosinone,0,0,D,0,0,D,1.91,3.4,4.2,1.9,3.4,3.9,1.85,3,4.2,1.91,3.1,4.5,1.95,3.26,4.87,1.95,3.1,4,1.91,3.2,4.75,57,1.96,1.9,3.4,3.18,4.87,4.24,40,2.41,2.28,1.61,1.57,28,-0.5,1.97,1.91,1.98,1.91,1.79,3.45,5.64
I2,16/09/16,Salernitana,Vicenza,2,3,A,1,2,A,1.95,3.3,4,2,3.2,3.7,2,2.9,3.7,1.91,3.1,4.5,1.98,3.21,4.8,2,3.2,3.8,1.93,3.2,4.6,57,2,1.93,3.3,3.15,4.8,4.13,40,2.35,2.25,1.65,1.59,28,-0.5,1.98,1.93,1.97,1.88,2.01,3.17,4.75
I2,17/09/16,Cittadella,Novara,3,1,H,1,0,H,2.45,3.1,3,2.35,3.1,3,2.3,2.8,3.1,2.4,3,3,2.52,3.2,3.17,2.4,3,3,2.5,3,3.13,56,2.52,2.39,3.2,3.05,3.17,2.99,39,2.33,2.17,1.71,1.64,28,-0.25,2.16,2.08,1.82,1.75,2.41,3.22,3.33
I2,17/09/16,Latina,Benevento,1,1,D,0,0,D,2.6,3,2.9,2.55,3,2.8,2.5,2.8,2.9,2.6,2.9,3,2.71,2.97,3.14,2.6,2.9,2.88,2.6,2.9,3.13,54,2.71,2.56,3.1,2.9,3.14,2.9,38,2.67,2.5,1.51,1.49,27,0,1.86,1.79,2.12,2.02,2.49,3.18,3.24
I2,17/09/16,Perugia,Ternana,1,1,D,0,0,D,1.85,3.2,4.75,1.85,3.2,4.33,1.9,3,4,1.85,3.1,5,1.87,3.3,5.41,1.85,3.1,4.6,1.87,3.13,5.2,56,1.9,1.84,3.3,3.16,5.41,4.6,39,2.56,2.45,1.56,1.51,27,-0.5,1.92,1.85,2.05,1.95,2.14,3.01,4.4
I2,17/09/16,Pisa,Brescia,1,0,H,0,0,D,2.25,3,3.5,2.25,3,3.3,2.2,2.8,3.3,2.25,2.9,3.5,2.33,3.09,3.67,2.25,3,3.3,2.25,3,3.6,56,2.33,2.23,3.1,3,3.67,3.37,40,2.5,2.36,1.57,1.54,28,-0.25,1.96,1.91,1.97,1.9,2.06,3.25,4.34
I2,17/09/16,Spal,Virtus Entella,2,2,D,2,2,D,2.15,3.2,3.5,2.15,3.1,3.4,2.1,2.9,3.4,2.15,3,3.6,2.2,3.19,3.89,2.15,3,3.6,2.2,3,3.9,55,2.2,2.14,3.2,3.05,3.9,3.53,39,2.52,2.41,1.57,1.52,27,-0.25,1.89,1.83,2.06,1.98,1.93,3.54,4.48
I2,17/09/16,Spezia,Pro Vercelli,2,1,H,0,0,D,1.62,3.4,6.5,1.62,3.6,5.5,1.65,3.3,4.9,1.62,3.5,6,1.65,3.68,6.81,1.65,3.4,5.5,1.62,3.6,6.5,56,1.68,1.62,3.68,3.5,6.81,5.77,41,2.25,2.18,1.7,1.63,28,-0.75,1.88,1.82,2.1,2,1.67,3.67,6.45
I2,17/09/16,Trapani,Ascoli,1,1,D,0,1,A,1.83,3.1,5,1.85,3.25,4.25,1.9,3,4,1.85,3.25,4.5,1.92,3.38,4.82,1.85,3.3,4.2,1.9,3.3,4.6,56,1.92,1.85,3.46,3.27,5,4.29,44,2.14,2.03,1.82,1.73,27,-0.5,1.93,1.87,2.01,1.94,1.78,3.76,5.09
I2,17/09/16,Verona,Avellino,3,1,H,3,1,H,1.67,3.4,6,1.65,3.5,5.25,1.65,3.3,4.9,1.67,3.5,5.5,1.68,3.73,6.18,1.67,3.6,5,1.67,3.6,5.75,56,1.71,1.65,3.73,3.52,6.18,5.31,44,2.13,2.03,1.81,1.73,28,-0.75,1.92,1.86,2.04,1.95,1.49,4.37,8.1
I2,19/09/16,Cesena,Salernitana,0,0,D,0,0,D,1.75,3.5,4.75,1.67,3.4,5.25,1.65,3.3,4.9,1.75,3.3,5.25,1.79,3.51,5.53,1.75,3.3,4.8,1.73,3.4,5.75,53,1.79,1.72,3.51,3.38,5.75,4.94,36,2.26,2.18,1.69,1.62,25,-0.75,2.04,1.97,1.9,1.84,1.84,3.38,5.37
I2,20/09/16,Ascoli,Vicenza,2,0,H,1,0,H,2.2,3.2,3.4,2.3,3,3.4,2.3,2.8,3.1,2.3,3,3.4,2.35,3.12,3.58,2.3,3,3.2,2.3,3,3.5,57,2.35,2.26,3.2,3.01,3.62,3.31,39,2.45,2.33,1.61,1.55,30,-0.25,2,1.94,1.94,1.87,2.55,3.06,3.15
I2,20/09/16,Avellino,Cittadella,0,1,A,0,0,D,2.5,3.1,2.9,2.65,3.1,2.75,2.5,2.8,2.9,2.62,3.1,2.8,2.74,3.12,2.94,2.4,3,3,2.63,3.13,2.88,56,2.74,2.54,3.25,3.08,3,2.79,44,2.11,2.01,1.83,1.75,29,0,1.91,1.83,2.04,1.98,2.68,3.29,2.87
I2,20/09/16,Benevento,Pro Vercelli,1,1,D,0,1,A,1.91,3.3,4.2,1.85,3.3,4.6,1.9,3,4,1.95,3.1,4.33,2,3.25,4.62,1.8,3.25,4.5,1.93,3.2,4.6,57,2,1.9,3.33,3.19,4.62,4.22,38,2.31,2.21,1.67,1.61,29,-0.5,1.99,1.91,1.96,1.89,1.71,3.67,5.91
I2,20/09/16,Brescia,Carpi,2,2,D,2,1,H,3.3,3.3,2.2,3.4,3,2.3,3.3,2.8,2.2,3.3,3.1,2.3,3.51,3.17,2.36,3.25,3,2.25,3.5,3,2.3,56,3.51,3.29,3.3,3.08,2.36,2.23,37,2.35,2.24,1.66,1.59,29,0.25,1.95,1.89,2,1.91,3.5,3.15,2.37
I2,20/09/16,Frosinone,Pisa,0,0,D,0,0,D,1.8,3.4,4.75,1.85,3.3,4.6,1.9,3,4,1.85,3.3,4.5,1.9,3.44,4.8,1.91,3.2,4,1.83,3.25,5,56,1.91,1.85,3.45,3.27,5,4.33,38,2.38,2.26,1.63,1.58,28,-0.5,1.9,1.85,2.05,1.95,2.12,3.16,4.21
I2,20/09/16,Novara,Latina,2,2,D,2,2,D,1.73,3.4,5.25,1.78,3.4,5,1.7,3.2,4.7,1.75,3.4,5.25,1.77,3.56,5.56,1.73,3.5,4.5,1.75,3.4,5.5,57,1.79,1.72,3.62,3.43,5.56,4.9,41,2.22,2.11,1.74,1.67,30,-0.75,2.04,1.97,1.9,1.84,1.69,3.75,5.94
I2,20/09/16,Spal,Verona,1,3,A,0,2,A,2.9,3.1,2.5,2.95,3,2.6,2.9,2.8,2.5,2.9,3.1,2.5,3.1,3.22,2.56,2.8,3.1,2.5,3,3.1,2.55,55,3.1,2.85,3.22,3.08,2.63,2.48,43,2.2,2.08,1.8,1.7,29,0,2.16,2.04,1.83,1.78,2.56,3.27,3.04
I2,20/09/16,Ternana,Bari,0,0,D,0,0,D,2.8,3,2.7,2.7,3,2.8,2.6,2.8,2.8,2.8,2.9,2.75,2.89,3.08,2.83,2.6,2.9,2.8,2.88,2.9,2.8,57,2.9,2.71,3.08,2.95,2.86,2.7,39,2.49,2.36,1.57,1.53,30,0,2,1.92,1.95,1.89,2.79,3.03,2.92
I2,20/09/16,Trapani,Spezia,0,0,D,0,0,D,2.35,3.1,3.2,2.3,3,3.4,2.4,2.8,3,2.38,3,3.2,2.41,3.21,3.35,2.4,3,3,2.4,3.1,3.25,57,2.45,2.31,3.23,3.09,3.4,3.13,40,2.27,2.15,1.73,1.65,30,-0.25,2.09,1.99,1.88,1.82,2.48,2.95,3.54
I2,20/09/16,Virtus Entella,Perugia,2,1,H,1,1,D,2.5,3,3,2.45,3,3.1,2.4,2.8,3,2.5,2.9,3.1,2.58,2.99,3.29,2.5,2.9,3,2.5,2.9,3.25,57,2.6,2.46,3.05,2.93,3.29,3.03,38,2.66,2.45,1.56,1.52,30,-0.25,2.19,2.08,1.81,1.74,2.42,3.05,3.47
I2,24/09/16,Bari,Benevento,0,4,A,0,0,D,2,3.1,4.2,1.91,3.3,4.25,2.1,2.9,3.4,1.95,3,4.33,2.02,3.16,4.67,2.05,3.1,3.75,2,3.13,4.33,54,2.1,1.96,3.3,3.11,4.67,4.06,36,2.38,2.24,1.64,1.59,25,-0.25,1.71,1.66,2.33,2.19,1.94,3.27,4.9
I2,24/09/16,Carpi,Virtus Entella,2,1,H,1,0,H,1.8,3.3,4.75,1.83,3.4,4.6,1.8,3,4.4,1.8,3.2,5.25,1.83,3.33,5.63,1.83,3.2,4.5,1.83,3.2,5.2,55,1.84,1.79,3.4,3.22,5.63,4.77,36,2.31,2.22,1.66,1.6,24,-0.5,1.83,1.79,2.12,2.02,1.79,3.35,5.93
I2,24/09/16,Cittadella,Brescia,0,3,A,0,2,A,1.7,3.4,5.5,1.78,3.5,4.75,1.8,3,4.4,1.75,3.4,5,1.8,3.46,5.53,1.8,3.4,4.33,1.73,3.6,5.2,53,1.8,1.75,3.6,3.42,5.53,4.72,38,1.98,1.89,1.95,1.85,24,-0.5,1.8,1.74,2.2,2.07,1.73,3.74,5.54
I2,24/09/16,Latina,Ternana,1,1,D,1,1,D,2.15,3.1,3.6,2.3,3.1,3.4,2.2,2.8,3.3,2.2,2.9,3.75,2.27,3.02,3.94,2.25,3,3.3,2.2,3,3.8,54,2.3,2.2,3.1,3.01,3.94,3.45,36,2.46,2.35,1.58,1.54,26,-0.25,1.92,1.86,2.04,1.96,2.25,3.11,3.85
I2,24/09/16,Pisa,Ascoli,2,1,H,1,0,H,2.1,3.1,3.8,2,3.2,4.1,2.1,2.9,3.4,2.05,3,4,2.2,3.11,4.03,2.05,3.1,3.75,2.15,3,4,55,2.2,2.06,3.2,3.06,4.4,3.78,37,2.42,2.33,1.6,1.55,26,-0.25,1.86,1.79,2.15,2.04,2.22,3.08,4.01
I2,24/09/16,Pro Vercelli,Cesena,1,0,H,1,0,H,3,3,2.5,3,3,2.55,3,2.8,2.4,3,3.1,2.4,3.31,3.05,2.53,2.9,3.1,2.4,3.13,3,2.5,54,3.31,3.02,3.1,3,2.55,2.41,37,2.31,2.22,1.67,1.61,27,0.25,1.81,1.76,2.14,2.06,3.15,2.97,2.7
I2,24/09/16,Salernitana,Trapani,2,0,H,2,0,H,2.3,3.1,3.25,2.5,3.1,3.1,2.4,2.8,3,2.4,2.9,3.1,2.56,3.08,3.23,2.4,3.1,2.9,2.45,3,3.2,54,2.56,2.41,3.2,3.01,3.25,3.03,37,2.25,2.14,1.71,1.65,25,-0.25,2.16,2.06,1.83,1.76,2.12,3.24,4.09
I2,24/09/16,Spezia,Novara,1,0,H,0,0,D,2.15,3.1,3.6,2.15,3.1,3.8,2.1,2.9,3.4,2.15,2.9,3.8,2.21,3.03,4.11,2.1,3.1,3.5,2.2,3,3.9,55,2.21,2.12,3.2,3.04,4.11,3.6,37,2.42,2.28,1.62,1.57,27,-0.25,1.88,1.82,2.07,2,2.3,3.03,3.83
I2,24/09/16,Vicenza,Avellino,0,0,D,0,0,D,2.2,3.1,3.5,2.15,3.1,3.7,2.1,2.9,3.4,2.2,2.9,3.6,2.26,3.06,3.91,2.1,3.1,3.5,2.25,3,3.7,55,2.26,2.16,3.17,3.04,3.91,3.5,36,2.35,2.24,1.65,1.59,25,-0.25,1.93,1.85,2.01,1.96,2.44,3.06,3.47
I2,25/09/16,Verona,Frosinone,2,0,H,1,0,H,1.62,3.6,6,1.57,3.75,6.25,1.75,3.1,4.5,1.67,3.5,5.75,1.71,3.56,6.21,1.73,3.4,4.8,1.65,3.6,6,55,1.75,1.66,3.75,3.46,6.3,5.42,40,2.17,2.01,1.82,1.74,24,-0.75,1.91,1.85,2.04,1.95,1.58,3.96,7.05
I2,26/09/16,Perugia,Spal,1,0,H,0,0,D,2.25,3.1,3.4,2.15,3,3.8,2,2.9,3.7,2.2,2.9,3.8,2.26,3.01,4,2.05,3,3.8,2.2,3,3.75,52,2.26,2.16,3.15,2.97,4,3.57,32,2.5,2.37,1.57,1.53,25,-0.25,1.94,1.85,2.03,1.95,2.19,3.06,4.12
I2,27/09/16,Ascoli,Cesena,0,0,D,0,0,D,3,3,2.5,2.75,2.95,2.65,2.9,2.8,2.5,2.9,2.9,2.62,3.08,3,2.73,2.9,2.9,2.6,3,3,2.63,56,3.09,2.9,3.14,2.96,2.73,2.55,38,2.44,2.33,1.61,1.55,29,0,2.08,2.02,1.86,1.8,2.86,2.97,2.94
I2,30/09/16,Brescia,Bari,1,1,D,0,0,D,2.45,3.1,3,2.4,3,3,2.4,2.8,3,2.5,3.1,2.9,2.69,3.19,2.95,2.5,3.1,2.8,2.55,3.1,3,57,2.69,2.48,3.29,3.07,3.1,2.9,50,2.13,2.03,1.85,1.73,30,0,1.87,1.78,2.12,2.04,2.49,3.14,3.27
I2,01/10/16,Avellino,Pro Vercelli,3,2,H,2,1,H,2.05,3.2,3.8,2.05,3.1,3.7,2,2.9,3.7,2,3.1,4,2.05,3.23,4.41,2,3.2,3.75,2,3.13,4.33,56,2.11,2.01,3.34,3.13,4.41,3.85,44,2.35,2.23,1.64,1.6,28,-0.25,1.78,1.72,2.23,2.09,2.15,3.18,4.08
I2,01/10/16,Benevento,Novara,1,0,H,1,0,H,2.15,3.2,3.5,2.1,3.1,3.5,2.2,2.8,3.3,2.25,3,3.4,2.27,3.21,3.66,2.3,3.1,3.1,2.25,3.1,3.5,56,2.3,2.21,3.31,3.11,3.66,3.32,44,2.25,2.16,1.71,1.63,29,-0.25,1.99,1.91,1.96,1.9,2.13,3.22,4.08
I2,01/10/16,Frosinone,Perugia,1,2,A,1,1,D,2.1,3.1,3.8,2.1,3.1,3.6,2.2,2.8,3.3,2.15,2.9,3.8,2.19,3.09,4.08,2.15,3.1,3.4,2.2,3,3.8,56,2.2,2.12,3.3,3.06,4.08,3.58,45,2.52,2.35,1.57,1.54,29,-0.25,1.9,1.84,2.04,1.97,2.38,3.04,3.63
I2,01/10/16,Spal,Salernitana,3,2,H,2,1,H,2.05,3.3,3.6,2.1,3.1,3.5,2.2,2.8,3.3,2.1,3.2,3.6,2.07,3.4,4.03,2.1,3.2,3.4,2.1,3.13,3.9,55,2.2,2.08,3.4,3.17,4.03,3.57,48,2.21,2.1,1.79,1.68,28,-0.25,1.82,1.77,2.18,2.05,2.13,3.4,3.82
I2,01/10/16,Ternana,Verona,0,3,A,0,3,A,3.5,3.2,2.15,3.5,3.1,2.1,3.4,2.9,2.1,3.6,3.1,2.1,3.97,3.22,2.16,3.6,3.2,2.05,3.8,3.1,2.15,56,3.97,3.55,3.37,3.14,2.19,2.1,48,2.3,2.17,1.7,1.64,29,0.25,2.11,2.01,1.85,1.8,4.41,3.34,2.01
I2,01/10/16,Trapani,Cittadella,0,2,A,0,0,D,2.4,3.2,3,2.5,2.95,2.9,2.3,2.8,3.1,2.5,3.1,2.9,2.65,3.18,3.01,2.3,3.2,3,2.55,3.1,3,56,2.65,2.43,3.28,3.06,3.2,2.96,49,2.2,2.07,1.77,1.7,29,-0.25,2.21,2.1,1.78,1.73,2.31,3.21,3.54
I2,01/10/16,Virtus Entella,Vicenza,4,1,H,2,0,H,2,3.2,4,1.95,3.2,3.9,2,2.9,3.7,1.95,3.1,4.33,2.01,3.21,4.61,2,3.2,3.8,2,3.13,4.33,56,2.06,1.98,3.36,3.13,4.61,3.98,46,2.38,2.24,1.7,1.6,28,-0.25,1.75,1.68,2.28,2.16,2.03,3.23,4.48
I2,02/10/16,Ascoli,Spezia,0,2,A,0,2,A,2.9,3.1,2.5,3,2.95,2.45,3,2.8,2.4,3.1,3,2.4,3.26,3.06,2.55,3,2.9,2.5,3.25,2.9,2.5,56,3.26,3.01,3.12,2.96,2.61,2.46,44,2.6,2.47,1.55,1.49,29,0.25,1.82,1.75,2.16,2.08,3.33,3.03,2.53
I2,02/10/16,Cesena,Latina,2,2,D,1,1,D,1.75,3.4,5,1.8,3.25,4.6,1.8,3,4.4,1.75,3.3,5.25,1.79,3.44,5.75,1.8,3.3,4.5,1.8,3.3,5.2,56,1.82,1.76,3.64,3.33,5.75,4.85,48,2.25,2.13,1.73,1.66,28,-0.75,2.09,2.01,1.88,1.8,1.66,3.78,6.32
I2,03/10/16,Carpi,Pisa,1,1,D,1,0,H,1.8,3.4,4.75,1.78,3.2,4.75,1.75,3.1,4.5,1.75,3.2,5.25,1.81,3.32,5.78,1.8,3.25,4.6,1.8,3.3,5.5,53,1.85,1.77,3.51,3.24,5.78,4.89,42,2.53,2.33,1.58,1.54,26,-0.5,1.83,1.77,2.13,2.02,1.83,3.35,5.56
I2,08/10/16,Cittadella,Frosinone,2,3,A,1,2,A,2.1,3,3.8,2.2,3,3.4,2.2,2.8,3.3,2.2,3,3.5,2.25,3.17,3.77,2.2,3.2,3.2,2.25,3.13,3.5,55,2.29,2.18,3.33,3.09,3.8,3.43,48,2.14,2.03,1.8,1.73,29,-0.25,1.95,1.88,2.02,1.93,2.24,3.15,3.84
I2,08/10/16,Novara,Ascoli,1,0,H,0,0,D,1.67,3.5,5.5,1.67,3.4,5.25,1.7,3.2,4.7,1.7,3.3,5.75,1.72,3.46,6.45,1.73,3.4,4.8,1.67,3.5,6,55,1.75,1.68,3.72,3.4,6.45,5.41,44,2.24,2.12,1.72,1.66,29,-0.75,1.96,1.9,1.97,1.91,1.67,3.85,6.07
I2,09/10/16,Bari,Virtus Entella,1,1,D,1,1,D,1.91,3.25,4.33,2,3.1,3.9,1.9,3,4,1.95,3.3,4,1.97,3.2,4.88,1.95,3.25,3.8,1.95,3.2,4.5,54,2.02,1.93,3.43,3.18,4.88,4.14,44,2.24,2.13,1.74,1.66,27,-0.5,1.99,1.93,1.96,1.88,1.85,3.55,4.94
I2,09/10/16,Latina,Trapani,2,0,H,2,0,H,2.45,3,3.1,2.4,2.95,3.1,2.4,2.8,3,2.5,2.9,3.1,2.58,3,3.3,2.5,3.1,2.8,2.55,3,3.1,54,2.63,2.48,3.16,2.95,3.3,2.99,43,2.38,2.27,1.63,1.57,27,-0.25,2.21,2.12,1.79,1.71,2.83,3.06,2.9
I2,09/10/16,Perugia,Avellino,3,0,H,2,0,H,2,3.2,4,2,3.1,3.9,2,2.9,3.7,2,3,4.2,2.05,3.15,4.55,2,3,4,2,3.1,4.4,54,2.08,1.99,3.32,3.08,4.55,4.04,43,2.4,2.3,1.64,1.56,27,-0.5,2.05,1.99,1.89,1.82,1.76,3.42,6.06
I2,09/10/16,Pisa,Spal,0,1,A,0,0,D,2.3,3,3.4,2.15,3,3.5,2.2,2.8,3.3,2.38,2.9,3.4,2.44,3.02,3.51,2.3,3,3.2,2.38,3,3.4,54,2.44,2.29,3.19,2.97,3.53,3.3,43,2.51,2.38,1.57,1.53,28,-0.25,2.05,1.97,1.9,1.84,2.81,2.94,3.05
I2,09/10/16,Pro Vercelli,Ternana,1,0,H,0,0,D,2.05,3.2,3.75,2.2,3,3.4,2.2,2.8,3.3,2.1,2.9,3.8,2.18,3.07,4.15,2.15,3.1,3.4,2.1,3.1,3.9,54,2.2,2.12,3.28,3.04,4.15,3.62,43,2.41,2.26,1.62,1.58,28,-0.25,1.85,1.8,2.11,2.02,2.21,3.09,4.01
I2,09/10/16,Salernitana,Benevento,2,1,H,2,0,H,2.5,3.1,2.9,2.6,2.95,2.8,2.5,2.8,2.9,2.5,3,3,2.59,3.07,3.2,2.5,3.1,2.8,2.6,3,3,54,2.68,2.53,3.2,2.99,3.2,2.89,43,2.25,2.14,1.75,1.65,27,-0.25,2.25,2.16,1.77,1.68,2.34,3.1,3.63
I2,09/10/16,Spezia,Carpi,0,1,A,0,0,D,2.2,3.1,3.5,2.1,3.1,3.5,2.2,2.8,3.3,2.3,2.88,3.6,2.34,2.98,3.81,2.15,3.1,3.4,2.3,3,3.6,54,2.34,2.22,3.19,2.98,3.81,3.45,42,2.58,2.4,1.56,1.52,28,-0.25,1.99,1.91,1.95,1.9,2.59,2.92,3.37
I2,09/10/16,Verona,Brescia,2,2,D,0,1,A,1.44,4,8,1.45,4.1,6.75,1.45,3.6,7,1.44,4.33,6.5,1.47,4.26,9.27,1.5,4,6,1.44,4.3,8.5,54,1.5,1.44,4.67,4.13,9.27,7.34,46,1.78,1.72,2.19,2.04,29,-1,1.79,1.73,2.19,2.09,1.43,4.78,8.55
I2,09/10/16,Vicenza,Cesena,0,0,D,0,0,D,2.63,3,2.88,2.65,2.9,2.8,2.55,2.8,2.85,2.62,2.88,3,2.73,2.91,3.17,2.6,3,2.75,2.7,2.9,3,54,2.75,2.6,3.08,2.9,3.17,2.88,43,2.59,2.44,1.56,1.5,28,0,1.88,1.81,2.12,2,3.13,2.92,2.75
I2,14/10/16,Cesena,Spal,1,1,D,0,0,D,2.1,3.1,3.75,2.15,3,3.8,2.1,2.9,3.4,2.1,3,3.8,2.17,3.08,4.21,2.1,3,3.75,2.1,3.1,3.9,47,2.18,2.1,3.16,3.02,4.21,3.71,33,2.31,2.23,1.66,1.59,20,-0.5,2.19,2.11,1.78,1.72,2.12,3.03,4.49
I2,15/10/16,Ascoli,Verona,1,4,A,0,1,A,4.2,3.3,1.91,4.25,3.3,1.91,4,3,1.9,4,3.4,1.95,4.41,3.35,2,4,3.2,1.95,4.4,3.25,1.95,47,4.59,4.1,3.4,3.23,2,1.92,39,2.21,2.09,1.8,1.7,21,0.5,1.96,1.88,2,1.93,5.39,3.43,1.83
I2,15/10/16,Avellino,Spezia,1,0,H,0,0,D,3.3,3,2.35,3.3,2.9,2.45,3.1,2.8,2.3,3.1,2.9,2.5,3.54,2.96,2.47,3.1,2.9,2.5,3.3,3,2.4,47,3.54,3.18,3.04,2.91,2.53,2.39,34,2.48,2.31,1.62,1.56,22,0.25,1.86,1.79,2.1,2.03,3.44,2.98,2.51
I2,15/10/16,Brescia,Salernitana,1,1,D,0,1,A,2.25,3.2,3.25,2.25,3.2,3.3,2.3,2.8,3.1,2.38,3,3.25,2.43,3.13,3.4,2.3,3.1,3.1,2.38,3.13,3.25,47,2.43,2.27,3.25,3.11,3.4,3.18,39,2.12,2,1.87,1.76,22,-0.25,2.06,1.97,1.89,1.84,2.7,3.16,2.96
I2,15/10/16,Carpi,Latina,2,0,H,1,0,H,1.57,3.6,6.5,1.6,3.5,6.75,1.55,3.4,5.8,1.57,3.5,6.5,1.6,3.77,7.49,1.57,3.5,6.5,1.57,3.7,7,47,1.62,1.57,3.77,3.56,7.49,6.32,38,2.25,2.14,1.74,1.66,24,-1,2.14,2.05,1.82,1.76,1.59,4.01,6.81
I2,15/10/16,Perugia,Cittadella,2,0,H,0,0,D,2,3.1,4.2,2.05,3,4.25,2,2.9,3.7,2.05,3,4,2.08,3.15,4.38,2.05,3.1,3.75,2.05,3.13,4.1,47,2.08,2.02,3.25,3.07,4.42,3.88,38,2.25,2.14,1.72,1.66,21,-0.5,2.11,2.04,1.86,1.78,1.9,3.33,5.02
I2,15/10/16,Pisa,Vicenza,0,1,A,0,0,D,2.1,3.1,3.8,2.05,3.1,4,2.1,2.9,3.4,2.15,2.9,4,2.19,3.01,4.13,2.1,3,3.75,2.15,3,4,47,2.19,2.11,3.1,2.98,4.2,3.75,34,2.56,2.37,1.56,1.53,20,-0.5,2.21,2.13,1.77,1.71,2.21,2.99,4.2
I2,15/10/16,Virtus Entella,Benevento,3,2,H,2,2,D,2.25,3.2,3.3,2.25,3.1,3.4,2.3,2.8,3.1,2.3,2.9,3.5,2.37,3.04,3.64,2.3,3,3.2,2.3,3.1,3.4,47,2.37,2.27,3.2,2.99,3.64,3.3,35,2.28,2.17,1.7,1.63,22,-0.25,2.01,1.95,1.92,1.86,2.59,3.08,3.18
I2,16/10/16,Frosinone,Bari,3,1,H,2,0,H,2.25,3.1,3.4,2.25,3,3.5,2.2,2.8,3.3,2.2,2.9,3.6,2.27,3.07,3.86,2.25,3,3.3,2.3,3,3.6,46,2.3,2.23,3.2,3,3.86,3.38,34,2.34,2.22,1.66,1.61,21,-0.25,1.97,1.91,1.99,1.9,2.16,3.15,4.09
I2,16/10/16,Pro Vercelli,Novara,2,1,H,0,1,A,3,2.9,2.6,3,2.95,2.55,2.9,2.8,2.5,3,3,2.5,3.22,2.97,2.65,2.88,3,2.5,3.13,3,2.55,46,3.22,2.96,3.02,2.92,2.65,2.5,34,2.47,2.3,1.61,1.56,20,0.25,1.77,1.71,2.21,2.13,3.38,2.98,2.54
I2,17/10/16,Trapani,Ternana,2,2,D,1,0,H,2.05,3.1,4,2.05,3.1,4,2.1,2.9,3.4,2,3,4.2,2.07,3.09,4.57,2.05,3.1,3.75,2,3.1,4.33,45,2.1,2.02,3.2,3.05,4.57,3.94,33,2.49,2.34,1.57,1.54,19,-0.5,2.06,2.01,1.86,1.8,1.94,3.29,4.84
I2,21/10/16,Cittadella,Ascoli,0,1,A,0,0,D,1.8,3.1,5.25,1.8,3.2,5.25,1.8,3.1,4.2,1.8,3.4,4.75,1.83,3.48,5.18,1.8,3.4,4.33,1.8,3.5,4.8,55,1.85,1.79,3.5,3.33,5.35,4.63,48,2.05,1.92,1.94,1.82,27,-0.5,1.84,1.79,2.09,2.01,1.88,3.4,4.98
I2,21/10/16,Spezia,Brescia,2,0,H,1,0,H,1.62,3.4,6.5,1.7,3.4,5.5,1.75,3.1,4.5,1.7,3.5,5.25,1.73,3.65,5.77,1.67,3.6,5,1.7,3.4,6,55,1.75,1.68,3.65,3.48,6.5,5.21,48,2.1,1.99,1.88,1.77,28,-0.75,1.96,1.89,2.02,1.92,1.72,3.59,6.03
I2,22/10/16,Bari,Trapani,3,0,H,1,0,H,1.85,3.3,4.5,1.85,3.25,4.75,1.85,3.1,4,1.85,3.25,4.5,1.89,3.39,4.95,1.83,3.25,4.4,1.87,3.3,4.75,54,1.91,1.85,3.4,3.24,4.95,4.37,42,2.25,2.07,1.79,1.69,26,-0.5,1.92,1.86,2.04,1.94,1.93,3.45,4.64
I2,22/10/16,Benevento,Perugia,0,0,D,0,0,D,2.3,3.1,3.3,2.3,3,3.4,2.2,2.9,3.2,2.38,2.9,3.3,2.44,3.03,3.49,2.3,3.1,3.1,2.38,3,3.4,54,2.44,2.31,3.1,2.97,3.55,3.24,41,2.33,2.24,1.65,1.59,27,-0.25,2.08,1.98,1.89,1.83,2.49,2.95,3.52
I2,22/10/16,Latina,Pisa,1,1,D,1,0,H,2.25,3,3.5,2.2,3,3.7,2.2,2.9,3.2,2.3,2.88,3.6,2.33,2.99,3.83,2.25,3,3.3,2.3,3,3.6,54,2.35,2.25,3.15,2.94,3.83,3.42,42,2.6,2.42,1.55,1.51,27,-0.25,1.98,1.93,1.97,1.88,2.74,2.85,3.23
I2,22/10/16,Novara,Avellino,1,0,H,0,0,D,1.6,3.6,6,1.62,3.6,6,1.6,3.4,5.2,1.62,3.75,5.5,1.64,3.64,7.18,1.62,3.6,5.5,1.62,3.7,6.25,54,1.67,1.61,3.75,3.55,7.2,5.84,47,2.16,2.06,1.78,1.71,27,-1,2.23,2.1,1.79,1.72,1.6,3.77,7.54
I2,22/10/16,Salernitana,Virtus Entella,1,1,D,0,1,A,2,3.4,3.75,2.05,3.2,3.8,2,3,3.5,2.05,3.1,4,2.07,3.2,4.34,2.1,3.1,3.6,2.05,3.2,4,54,2.1,2.02,3.4,3.16,4.34,3.77,46,2.25,2.09,1.75,1.69,26,-0.25,1.77,1.72,2.21,2.11,1.96,3.31,4.72
I2,22/10/16,Spal,Carpi,3,1,H,1,0,H,3,3,2.5,2.9,3,2.6,2.9,2.9,2.4,2.9,2.8,2.7,3.09,2.93,2.77,2.9,2.9,2.6,3,2.9,2.7,54,3.09,2.89,3.05,2.91,2.85,2.58,42,2.44,2.32,1.6,1.55,27,0,2.08,2,1.88,1.81,2.85,2.96,2.97
I2,22/10/16,Ternana,Cesena,1,1,D,1,0,H,2.88,3,2.63,2.9,2.95,2.65,2.7,2.9,2.6,2.8,3,2.62,3,2.87,2.9,2.8,2.8,2.7,2.9,2.88,2.8,54,3,2.79,3.02,2.88,2.9,2.69,41,2.54,2.4,1.55,1.52,27,0,2,1.94,1.92,1.87,2.88,2.93,2.98
I2,22/10/16,Verona,Pro Vercelli,3,0,H,1,0,H,1.3,4.75,12,1.3,5,11,1.3,4.4,8.5,1.33,4.75,9.5,1.36,5.15,10.55,1.29,5,10,1.3,5,12,54,1.38,1.31,5.15,4.81,12,9.68,46,1.83,1.75,2.11,2,30,-1.5,2.09,1.98,1.9,1.81,1.47,4.58,7.8
I2,22/10/16,Vicenza,Frosinone,1,1,D,0,0,D,3,3,2.5,2.9,3,2.65,2.8,2.9,2.5,2.9,2.8,2.7,3.12,2.92,2.77,2.9,3,2.5,2.9,3,2.7,54,3.12,2.86,3.05,2.92,2.8,2.59,42,2.51,2.3,1.6,1.56,27,0,2.06,1.99,1.88,1.82,2.79,2.96,3.04
I2,24/10/16,Spezia,Cittadella,1,1,D,0,1,A,1.95,3.1,4.33,2,3.1,3.9,2,2.9,3.7,1.95,3.1,4.2,2,3.24,4.58,2,3.3,3.6,1.95,3.25,4.33,54,2.06,1.97,3.3,3.17,4.58,3.99,46,2.16,2.06,1.81,1.71,27,-0.25,1.73,1.68,2.3,2.18,1.97,3.17,4.93
I2,25/10/16,Ascoli,Salernitana,0,0,D,0,0,D,2.63,3.2,2.7,2.6,3,2.9,2.5,2.8,2.9,2.62,3,2.9,2.75,3.05,3,2.6,3.2,2.62,2.7,3,2.9,55,2.75,2.59,3.2,2.99,3,2.81,44,2.28,2.16,1.71,1.65,28,0,1.89,1.83,2.07,1.98,2.62,3.04,3.18
I2,25/10/16,Avellino,Ternana,1,0,H,1,0,H,2.1,3.1,3.75,2.15,3,3.8,2,2.9,3.7,2.2,3,3.6,2.26,3.13,3.8,2.2,2.9,3.6,2.2,3.1,3.7,55,2.26,2.16,3.16,3.03,4.05,3.56,40,2.35,2.21,1.7,1.61,28,-0.25,1.91,1.86,2.01,1.95,2.26,3.15,3.78
I2,25/10/16,Brescia,Vicenza,2,1,H,0,1,A,2.2,3.1,3.5,2.25,3,3.5,2.2,2.8,3.3,2.3,2.9,3.4,2.39,3.06,3.57,2.25,2.9,3.4,2.3,3,3.5,55,2.39,2.24,3.11,3.01,3.6,3.36,43,2.4,2.23,1.66,1.6,28,-0.25,2.01,1.93,1.93,1.88,2.46,3.1,3.38
I2,25/10/16,Cesena,Virtus Entella,0,1,A,0,0,D,1.8,3.25,5,1.83,3.2,5,1.9,3,4,1.8,3.25,5,1.83,3.39,5.49,1.8,3.2,4.8,1.8,3.3,5.2,55,1.94,1.82,3.4,3.23,5.49,4.65,43,2.33,2.18,1.7,1.63,27,-0.5,1.86,1.81,2.09,2,1.93,3.36,4.79
I2,25/10/16,Frosinone,Spal,2,1,H,2,1,H,2,3.3,3.8,2,3.2,4,2,2.9,3.7,2.05,3,4,2.05,3.21,4.42,2,3.1,4,2.05,3.13,4.1,55,2.08,2.02,3.3,3.1,4.42,3.86,41,2.3,2.2,1.68,1.61,27,-0.5,2.08,2.02,1.86,1.79,2.11,3.16,4.26
I2,25/10/16,Novara,Bari,1,0,H,1,0,H,2,3.2,4,2.05,3.1,4,2,2.9,3.7,2.05,3,4,2.09,3.18,4.3,2.05,3.1,3.75,2.05,3.13,4.1,55,2.15,2.04,3.2,3.06,4.3,3.88,45,2.27,2.19,1.7,1.63,27,-0.5,2.11,2.04,1.86,1.78,2.01,3.27,4.51
I2,25/10/16,Perugia,Carpi,0,2,A,0,1,A,2.3,3.1,3.25,2.35,2.95,3.4,2.3,2.8,3.1,2.4,2.88,3.4,2.47,2.98,3.51,2.3,3.1,3.1,2.4,2.9,3.4,55,2.47,2.35,3.1,2.92,3.51,3.24,41,2.45,2.36,1.6,1.53,28,-0.25,2.07,2,1.87,1.82,2.46,2.92,3.61
I2,25/10/16,Pisa,Verona,0,0,D,0,0,D,4.33,3,2,4.2,3.1,2,4.4,3,1.8,3.75,3.2,2.05,4.35,3.13,2.1,4,2.9,2.05,4.1,3,2.1,54,4.4,3.95,3.2,3.03,2.11,2.03,43,2.5,2.3,1.67,1.57,26,0.25,2.17,2.07,1.82,1.76,4.53,3.13,2.06
I2,25/10/16,Pro Vercelli,Latina,1,1,D,0,0,D,2.1,3.1,3.8,2.15,3,3.8,2.1,2.9,3.4,2.15,3,3.8,2.18,3.13,4.04,2.1,3,3.75,2.1,3.1,3.9,55,2.18,2.1,3.15,3.03,4.05,3.69,43,2.38,2.25,1.65,1.58,28,-0.25,1.85,1.8,2.09,2.02,2.11,3.18,4.22
I2,25/10/16,Trapani,Benevento,1,0,H,1,0,H,2.3,3.2,3.2,2.35,3.1,3.2,2.3,2.8,3.1,2.4,3,3.2,2.5,3.09,3.32,2.3,3.1,3.1,2.4,3.1,3.2,55,2.5,2.35,3.2,3.04,3.32,3.11,48,2.2,2.08,1.76,1.7,28,-0.25,2.09,2.01,1.88,1.81,2.54,3.18,3.16
I2,29/10/16,Bari,Pro Vercelli,2,0,H,1,0,H,1.7,3.6,5,1.8,3.4,4.75,1.75,3.1,4.5,1.75,3.3,5.25,1.76,3.46,5.9,1.75,3.5,4.5,1.73,3.5,5.4,54,1.8,1.74,3.6,3.4,5.9,4.87,45,2.11,2.01,1.81,1.74,27,-0.75,2.06,1.96,1.92,1.85,1.59,3.91,7.12
I2,29/10/16,Benevento,Spezia,1,0,H,0,0,D,2.38,3,3.2,2.4,3,3.2,2.3,2.8,3.1,2.4,2.9,3.3,2.52,3,3.4,2.4,3,3,2.4,3,3.3,53,2.52,2.37,3.2,2.95,3.4,3.16,40,2.41,2.3,1.62,1.56,27,-0.25,2.11,2.01,1.86,1.8,2.36,3.04,3.67
I2,29/10/16,Carpi,Ascoli,0,2,A,0,1,A,1.57,3.4,7.5,1.6,3.6,6.25,1.55,3.4,5.8,1.6,3.8,5.75,1.58,3.72,8.16,1.57,3.6,6,1.57,3.75,7,53,1.62,1.56,3.8,3.61,8.16,6.38,45,2.15,2.05,1.8,1.72,30,-1,2.13,2.03,1.85,1.78,1.65,3.74,6.64
I2,29/10/16,Cittadella,Latina,2,1,H,1,0,H,1.8,3.4,4.75,1.91,3.25,4.4,1.85,3,4.2,1.85,3.25,4.75,1.88,3.33,5.15,1.85,3.3,4.2,1.83,3.4,4.75,54,1.91,1.84,3.4,3.27,5.15,4.42,45,2.11,1.99,1.85,1.76,26,-0.5,1.9,1.84,2.06,1.96,1.83,3.39,5.39
I2,29/10/16,Frosinone,Cesena,2,1,H,1,0,H,2,3.2,4,2.05,3.1,4,2,2.9,3.7,2,3,4,2.05,3.2,4.45,2.05,3.1,3.75,2.05,3.13,4.1,53,2.1,2.03,3.2,3.08,4.45,3.88,40,2.35,2.23,1.67,1.59,27,-0.25,1.81,1.72,2.22,2.11,2.09,3.17,4.35
I2,29/10/16,Salernitana,Pisa,0,0,D,0,0,D,2,3.2,4,2,3.2,4,2,2.9,3.7,1.95,3,4.33,1.99,3.16,4.82,2,3,4,1.95,3.1,4.6,53,2.03,1.97,3.25,3.09,4.82,4.09,40,2.5,2.34,1.6,1.54,25,-0.25,1.72,1.67,2.31,2.18,1.93,3.25,5.01
I2,29/10/16,Ternana,Novara,4,3,H,3,2,H,3,2.88,2.6,2.75,3,2.75,2.9,2.8,2.5,2.9,3.1,2.5,3.21,3.02,2.62,2.88,3,2.5,3,3,2.63,54,3.21,2.9,3.1,2.91,2.75,2.57,40,2.51,2.39,1.57,1.53,27,0,2.16,2.02,1.85,1.8,3.16,3.04,2.63
I2,29/10/16,Virtus Entella,Brescia,4,0,H,1,0,H,2,3.2,4,2,3.2,4.1,2,2.9,3.7,2,3.2,4,2.06,3.31,4.23,2,3.3,3.6,2,3.3,4,54,2.06,1.99,3.35,3.22,4.23,3.79,46,2.05,1.94,1.94,1.8,26,-0.25,1.77,1.72,2.21,2.11,1.81,3.61,5.09
I2,30/10/16,Verona,Trapani,2,0,H,1,0,H,1.4,4.5,7.5,1.42,4.33,7.75,1.4,3.7,7.5,1.44,4.33,7,1.4,4.5,10.96,1.4,4,8,1.44,4.3,8,54,1.5,1.41,4.5,4.26,10.96,7.75,44,1.84,1.73,2.16,2.03,29,-1,1.76,1.71,2.22,2.12,1.45,4.58,8.51
I2,30/10/16,Vicenza,Perugia,1,4,A,0,3,A,2.8,2.88,2.75,2.9,2.85,2.75,2.8,2.8,2.6,2.9,2.8,2.75,3.06,2.92,2.81,2.75,2.9,2.7,2.9,2.88,2.8,54,3.06,2.8,3,2.87,2.85,2.69,41,2.59,2.46,1.55,1.5,27,0,2.04,1.94,1.93,1.87,3.12,2.97,2.72
I2,31/10/16,Spal,Avellino,3,0,H,1,0,H,1.75,3.4,5,1.8,3.3,5,1.75,3.1,4.5,1.75,3.5,4.5,1.79,3.4,5.84,1.75,3.4,4.8,1.75,3.4,5.4,53,1.8,1.75,3.53,3.34,5.84,4.87,43,2.19,2.05,1.79,1.71,26,-0.75,2.05,1.99,1.89,1.82,1.87,3.49,4.9
I2,04/11/16,Brescia,Cesena,3,2,H,2,0,H,2.9,3.1,2.5,3,3.1,2.45,2.6,2.8,2.8,2.9,3,2.5,3.08,3.07,2.67,2.5,3.1,2.8,3,3.1,2.55,52,3.08,2.89,3.21,3.02,2.8,2.5,46,2.16,2.04,1.81,1.73,28,0,2.13,2.07,1.83,1.76,3.08,3.08,2.66
I2,05/11/16,Cittadella,Salernitana,2,0,H,1,0,H,2.1,3.3,3.5,2.15,3.1,3.7,2.1,2.9,3.4,2.1,3.1,3.8,2.11,3.26,4.07,2.1,3.25,3.4,2.1,3.25,3.75,51,2.16,2.09,3.3,3.16,4.07,3.54,45,2.12,1.99,1.85,1.76,27,-0.25,1.85,1.8,2.09,2,2.22,3.14,3.9
I2,05/11/16,Latina,Bari,2,1,H,2,0,H,2.88,3,2.63,2.95,2.95,2.6,2.9,2.8,2.5,3,2.9,2.6,3.17,3.01,2.65,2.6,3,2.75,3,3,2.6,52,3.17,2.87,3.06,2.96,2.75,2.55,40,2.35,2.25,1.64,1.58,27,0,2.12,2.02,1.87,1.79,3.58,3.1,2.36
I2,05/11/16,Novara,Spal,0,1,A,0,1,A,1.95,3.25,4.1,2.05,3.1,4,2.1,2.9,3.4,2,3.1,4.2,2.05,3.22,4.42,2.15,3.1,3.4,2,3.2,4.2,52,2.15,1.99,3.25,3.13,4.42,3.91,41,2.25,2.16,1.7,1.64,26,-0.5,2.08,1.98,1.92,1.83,2.14,3.16,4.12
I2,05/11/16,Pisa,Perugia,0,1,A,0,1,A,2.75,2.9,2.8,2.8,2.9,2.8,2.65,2.7,2.75,2.8,2.88,2.75,3.01,2.9,2.88,2.5,2.88,3,2.88,2.8,2.88,51,3.01,2.77,2.95,2.82,2.9,2.75,41,2.79,2.6,1.5,1.45,27,0,1.97,1.9,1.96,1.9,2.76,2.78,3.3
I2,05/11/16,Pro Vercelli,Carpi,0,0,D,0,0,D,3.5,3.1,2.2,3.4,3,2.3,3.3,2.8,2.2,3.3,3.1,2.25,3.69,3.08,2.33,3.1,3.1,2.3,3.6,3,2.3,52,3.69,3.35,3.11,2.99,2.33,2.24,39,2.46,2.28,1.62,1.57,27,0.25,1.96,1.89,1.98,1.91,3.08,2.97,2.75
I2,05/11/16,Spezia,Verona,1,4,A,1,2,A,3.1,3.1,2.38,3.3,3.1,2.3,3.3,2.8,2.2,3.1,3.1,2.38,3.47,2.99,2.49,3.1,3.1,2.3,3.3,3,2.4,52,3.47,3.15,3.1,2.98,2.49,2.36,41,2.44,2.27,1.65,1.57,27,0.25,1.85,1.79,2.09,2.01,3.35,3.04,2.52
I2,05/11/16,Trapani,Vicenza,0,1,A,0,0,D,1.91,3.2,4.33,2,3.1,4.2,2,2.9,3.7,1.95,3,4.5,1.99,3.14,4.87,2,3.2,3.75,1.91,3.2,4.6,52,2,1.94,3.25,3.1,4.87,4.15,41,2.35,2.24,1.66,1.59,26,-0.25,1.7,1.66,2.33,2.21,1.98,3.19,4.85
I2,06/11/16,Avellino,Frosinone,0,1,A,0,1,A,2.9,3.1,2.5,2.85,3,2.65,3,2.8,2.4,2.9,2.9,2.6,3.06,3.05,2.7,2.8,3.1,2.5,3,3,2.6,51,3.06,2.87,3.12,3,2.7,2.51,41,2.25,2.14,1.71,1.65,27,0,2.11,2.02,1.85,1.78,2.87,3.03,2.89
I2,07/11/16,Ternana,Benevento,0,1,A,0,1,A,2.5,3,3,2.5,3,3.1,2.5,2.8,2.9,2.4,3.1,3,2.68,3,3.14,,,,2.55,3,3.13,37,2.55,2.45,3.06,2.94,3.15,3.01,27,2.38,2.29,1.6,1.57,8,-0.5,2.5,2.4,1.55,1.53,3.26,3.12,2.51
